{
    "suit.zap": {
        "sounds": [
            "suit/zap"
        ],
        "catogory": "player"
    },
    
    "suit.thunder": {
        "sounds": [
            "suit/thunder"
        ],
        "catogory": "player"
    },
    "suit.clap": {
        "sounds": [
            "suit/clap"
        ],
        "catogory": "player"
    },
    "suit.cast": {
        "sounds": [
            "suit/cast"
        ],
        "catogory": "player"
    },
    "suit.boost": {
        "sounds": [
            "suit/boost"
        ],
        "catogory": "player"
    },
    "suit.death_axe": {
        "sounds": [
            "suit/death_axe"
        ],
        "catogory": "player"
    },
    "suit.death_beam": {
        "sounds": [
            "suit/death_beam"
        ],
        "catogory": "player"
    },
    "suit.death_phasing": {
        "sounds": [
            "suit/death_phasing"
        ],
        "catogory": "player"
    },
    "suit.death_tp": {
        "sounds": [
            "suit/death_tp"
        ],
        "catogory": "player"
    }
}

