{
    "suit.zap": {
        "sounds": [
            "suit/zap"
        ],
        "catogory": "player"
    },
    
    "suit.thunder": {
        "sounds": [
            "suit/thunder"
        ],
        "catogory": "player"
    },
    "suit.clap": {
        "sounds": [
            "suit/clap"
        ],
        "catogory": "player"
    },
    "suit.cast": {
        "sounds": [
            "suit/cast"
        ],
        "catogory": "player"
    },
    "suit.boost": {
        "sounds": [
            "suit/boost"
        ],
        "catogory": "player"
    }
}

